Year,Quarter,CPI-AllUrbanConsumers,UnemploymentRate,Inflation,Federal Funds Effective Rate,Federal Minimum Wage Rates,Poverty Rates,Gross Domestic Product,Gross Domestic Income,Government Expenditures,Disposable Personal Income,Housing Price Index (All-Transactions Indexes),Palma Ratio calculated from WID,Gini Index (FRED),Short Term Interest Rates,Long Term Interest Rate,Employment Cost Index,National Debt,Share Prices,Federal Government Current Tax Receipts,Household and Nonprofit Incom Tax,Hours Worked
1960,1,29.4,5.97,0,3.93,1,22.2,542.648,542.123,99.951,2270,59.79,0.43739212,34.6,0.983315,4.486667,87.6,320999,3.293215,77.184,45292,110.928
1960,2,29.57,5.27,0.68,3.7,1,22.2,541.08,543.395,102.035,2284.6,59.79,0.43739212,34.6,1.143316,4.26,87.6,320999,3.265243,75.816,46028,110.928
1960,3,29.59,5.13,0,2.94,1,22.2,545.604,545.289,104.217,2289,59.79,0.43739212,34.6,1.303317,3.833333,87.6,320999,3.211164,75.24,46528,110.928
1960,4,29.78,5.67,0.68,2.3,1,22.2,540.197,543.937,106.577,2288,59.79,0.449680302,34.6,1.463318,3.886667,87.6,320999,3.11606,73.98,46424,110.928
1961,1,29.84,7.83,0,2,1,21.9,545.018,546.221,108.531,2309.7,59.79,0.449680302,34.6,1.623319,3.786667,87.6,320999,3.393914,73.82,46511,110.928
1961,2,29.83,6.97,0,1.73,1,21.9,555.545,556.72,111.561,2344.7,59.79,0.449680302,34.6,1.78332,3.79,87.6,320999,3.595311,75.66,46944,110.928
1961,3,29.95,6.3,0.67,1.68,1.05,21.9,567.664,567.148,112.58,2375.9,59.79,0.449680302,34.6,1.943321,3.98,87.6,320999,3.681091,77.316,47402,110.928
1961,4,29.99,5.63,0,2.4,1.15,21.9,580.612,582.407,114.408,2422.3,59.79,0.449680302,34.6,2.103322,3.973333,87.6,320999,3.746359,80.288,48143,110.928
1962,1,30.11,6.47,0.33,2.46,1.15,21,594.013,592.505,118.949,2446.1,59.79,0.425000006,34.6,2.263323,4.016667,87.6,320999,3.701604,80.136,49402,110.928
1962,2,30.22,5.5,0.33,2.61,1.15,21,600.366,600.073,120.737,2472.5,59.79,0.425000006,34.6,2.423324,3.873333,87.6,320999,3.311863,81.324,50924,110.928
1962,3,30.31,5.17,0.66,2.85,1.15,21,609.027,607.426,122.299,2485.8,59.79,0.425000006,34.6,2.583325,3.99,87.6,320999,3.093683,83.648,52319,110.928
1962,4,30.38,5.03,0,2.92,1.15,21,612.28,615.801,124.211,2507.9,59.79,0.425000006,34.6,2.743326,3.903333,87.6,320999,3.227947,84.796,53575,110.928
1963,1,30.48,6.6,0.33,2.97,1.15,19.5,621.672,623.852,123.892,2529.7,59.79,0.43739212,34.6,2.903327,3.893333,87.6,320999,3.518854,85.448,54101,110.928
1963,2,30.53,5.77,0.33,2.96,1.15,19.5,629.752,634.045,124.193,2553,59.79,0.43739212,34.6,3.063328,3.963333,87.6,320999,3.729575,87.496,54311,110.928
1963,3,30.72,5.2,0.33,3.33,1.18,19.5,644.444,643.452,127.358,2580.9,59.79,0.43739212,34.6,3.223329,4.033333,87.6,320999,3.740764,88.356,54593,110.928
1963,4,30.8,5.1,0.65,3.45,1.25,19.5,653.938,654.311,128.255,2622.9,59.79,0.43739212,34.6,3.38333,4.12,87.6,320999,3.908595,89.54,55203,110.928
1964,1,30.93,6.17,0,3.46,1.25,19,669.822,667.298,130.485,2674.3,59.79,0.449680302,34.6,3.543331,4.18,87.6,320999,4.139829,87.56,53755,110.928
1964,2,30.98,5.33,0.32,3.49,1.25,19,678.674,678.727,131.683,2746.4,59.79,0.449680302,34.6,3.703332,4.2,87.6,320999,4.277823,83.648,49723,112.181
1964,3,31.05,4.73,0.32,3.46,1.25,19,692.031,691.099,131.223,2782.2,59.79,0.449680302,34.6,3.863333,4.193333,87.6,320999,4.410482,85.964,51575,113.031
1964,4,31.19,4.53,0.32,3.58,1.25,19,697.319,700.907,129.868,2813.8,59.79,0.449680302,34.6,4.023334,4.173333,87.6,320999,4.526365,87.432,53223,114.241
1965,1,31.29,5.43,0.32,3.97,1.25,17.3,717.79,720.153,131.44,2847,59.79,0.446121502,34.6,4.196667,4.203333,87.6,320999,4.616826,93.352,56964,115.982
1965,2,31.49,4.77,0.96,3.52,1.25,17.3,730.191,732.682,133.424,2879.1,59.79,0.446121502,34.6,4.303333,4.206666,87.6,320999,4.654133,94.828,58415,117.091
1965,3,31.58,4.17,0,3.57,1.25,17.3,749.323,745.904,139.931,2957.8,59.79,0.446121502,34.6,4.31,4.246666,87.6,320999,4.613525,92.916,57005,118.082
1965,4,31.75,3.73,0.64,3.62,1.25,17.3,771.857,767.461,143.739,3017.4,59.79,0.446121502,34.6,4.566667,4.473333,87.6,320999,4.889531,96.116,58272,119.593
1966,1,32.05,4.2,0.94,3.67,1.25,14.7,795.734,789.33,150.057,3047.2,59.79,0.443066144,34.6,5.063334,4.77,87.6,320999,4.92526,98.692,61526,121.655
1966,2,32.34,3.97,0.93,3.72,1.25,14.7,804.981,801.087,155.305,3055.3,59.79,0.443066144,34.6,5.38,4.78,87.6,316097,4.723104,102.972,65567,122.965
1966,3,32.62,3.6,0.93,3.77,1.25,14.7,819.638,814.397,161.733,3092.6,59.79,0.443066144,34.6,5.733333,5.14,87.6,324748,4.363545,104.296,67854,123.808
1966,4,32.88,3.37,0.61,3.82,1.25,14.7,833.302,828.504,166.68,3128.9,59.79,0.443066144,34.6,5.756667,5.003334,87.6,329319,4.270924,106.272,70565,124.588
1967,1,32.97,4.1,0.3,3.87,1.35,14.2,844.17,836.797,176.472,3176,59.79,0.409455101,34.6,5.196667,4.583333,87.6,330947,4.715111,105.788,71175,124.729
1967,2,33.17,3.77,0.9,3.92,1.4,14.2,848.983,845.68,175.689,3201.2,59.79,0.409455101,34.6,4.526667,4.82,87.6,322893,4.999785,105.568,70942,124.4
1967,3,33.5,3.83,0.9,3.97,1.4,14.2,865.233,862.762,181.526,3231.7,59.79,0.409455101,34.6,4.946667,5.246666,87.6,335896,5.194698,108.372,73833,125.192
1967,4,33.87,3.67,0.9,4.02,1.4,14.2,881.439,881.144,183.494,3255.3,59.79,0.409455101,34.6,5.413333,5.643333,87.6,344663,5.202141,111.94,75894,125.97
1968,1,34.2,4,1.17,4.07,1.53,12.8,909.387,904.131,188.848,3309.6,59.79,0.413413566,34.6,5.463333,5.61,87.6,349473,5.063497,118.228,78564,126.49
1968,2,34.53,3.53,1.16,4.12,1.6,12.8,934.344,927.464,195.598,3364,59.79,0.413413566,34.6,6.013333,5.743333,87.6,345369,5.437464,121.904,81665,127.532
1968,3,35,3.6,1.16,4.17,1.6,12.8,950.825,949.278,198.456,3374.8,59.79,0.413413566,34.6,5.886667,5.46,87.6,354743,5.554045,132.152,91861,128.673
1968,4,35.43,3.2,1.13,4.22,1.6,12.8,968.03,969.186,202.643,3400.9,59.79,0.413413566,34.6,6.073333,5.77,87.6,358029,5.878356,136.584,95858,129.327
1969,1,35.87,3.63,1.68,4.27,1.6,12.1,993.337,988.736,201.334,3409.3,59.79,0.409838333,34.6,6.556667,6.176667,87.6,359546,5.639358,143.02,102602,130.641
1969,2,36.43,3.4,1.38,4.32,1.6,12.1,1009.02,1007.398,205.6,3442.7,59.79,0.409838333,34.6,7.376667,6.353333,87.6,352895,5.621713,145.064,105660,131.757
1969,3,36.93,3.67,1.36,4.37,1.6,12.1,1029.956,1028.459,210.616,3512.9,59.79,0.409838333,34.6,8.513333,6.856667,87.6,360685,5.178027,141.652,104139,132.609
1969,4,37.5,3.33,1.61,4.42,1.6,12.1,1038.147,1039.539,213.885,3539.7,59.79,0.409838333,34.6,8.596666,7.296667,87.6,368226,5.215372,142.068,105623,132.84
1970,1,38.1,4.5,1.33,8.57,1.6,12.6,1051.2,1047.063,218.169,3576.9,59.79,0.415370231,34.6,8.523334,7.366667,87.6,372007,4.909917,135.748,104573,132.152
1970,2,38.63,4.67,1.57,7.88,1.6,12.6,1067.375,1061.858,228.059,3621,59.79,0.415370231,34.6,7.886667,7.713333,87.6,370094,4.305686,136.872,105512,131.285
1970,3,39.03,5.17,1.03,6.7,1.6,12.6,1086.059,1079.478,230.256,3678.9,59.79,0.415370231,34.6,7.676667,7.46,87.6,378678,4.242572,132.8,100657,130.456
1970,4,39.6,5.4,1.53,5.57,1.6,12.6,1088.608,1083.461,234.564,3670.1,59.79,0.415370231,34.6,6.17,6.853333,87.6,389158,4.650968,132.3,101538,129.583
1971,1,39.93,6.5,0.5,3.86,1.6,12.5,1135.156,1121.846,235.396,3743.3,59.79,0.417432234,34.6,4.44,6.016667,87.6,391668,5.268435,133.248,98331,129.905
1971,2,40.3,5.83,1.49,4.56,1.6,12.5,1156.271,1143.993,248.015,3797.8,59.79,0.417432234,34.6,4.943333,6.246666,87.6,397305,5.541335,134.872,100714,130.473
1971,3,40.7,5.97,0.5,5.47,1.6,12.5,1177.675,1165.45,248.382,3817.7,59.79,0.417432234,34.6,5.706666,6.483333,87.6,412268,5.397423,135.276,102307,130.843
1971,4,41,5.53,0.74,4.75,1.6,12.5,1190.297,1190.034,251.59,3862.2,59.79,0.417432234,34.6,4.93,5.89,87.6,424131,5.271337,137.648,105468,131.632
1972,1,41.33,6.33,0.73,3.54,1.6,11.9,1230.609,1225.633,263.885,3879.9,59.79,0.42183835,34.6,3.88,6.033333,87.6,427344,5.796483,150.632,119785,133.781
1972,2,41.6,5.6,0.72,4.3,1.6,11.9,1266.369,1249.074,273.947,3920.2,59.79,0.42183835,34.6,4.55,6.143333,87.6,426435,5.95339,153.08,123370,135.1
1972,3,41.93,5.6,0.96,4.74,1.6,11.9,1290.566,1281.68,264.747,3996.4,59.79,0.42183835,34.6,4.933333,6.29,87.6,433946,5.952763,155.1,124277,135.977
1972,4,42.37,4.93,0.96,5.14,1.6,11.9,1328.904,1331.427,287.431,4156.6,59.79,0.42183835,34.6,5.3,6.373333,87.6,448473,6.180871,161.256,127128,137.355
1973,1,43.03,5.43,1.87,6.54,1.6,11.1,1377.49,1370.819,285.337,4188.1,59.79,0.413077599,34.6,6.4,6.603333,87.6,458606,6.141553,163.716,126399,139.21
1973,2,43.93,4.87,2.06,7.82,1.6,11.1,1413.887,1399.51,293.03,4223.5,59.79,0.413077599,34.6,7.673333,6.806667,87.6,457317,5.629641,166.456,129181,140.476
1973,3,44.8,4.8,2.26,10.56,1.6,11.1,1433.838,1431.358,285.608,4242.6,59.79,0.413077599,34.6,10.35333,7.206666,87.6,460614,5.550983,168.66,134089,141.247
1973,4,45.93,4.47,2.19,10,1.6,11.1,1476.289,1475.233,294.608,4289,59.79,0.413077599,34.6,9.236667,6.753334,87.6,469073,5.422057,175.876,139959,141.856
1974,1,47.3,5.6,3.43,9.32,1.6,11.2,1491.209,1491.147,305.593,4217.8,59.79,0.406896545,34.6,8.64,7.053333,87.6,473675,5.068724,177.044,142792,142.045
1974,2,48.57,5.07,2.49,11.25,1.87,11.2,1530.056,1520.366,309.908,4178.5,59.79,0.406896545,34.6,10.94333,7.543334,87.6,474235,4.743369,184.556,148902,141.76
1974,3,49.93,5.57,3.23,12.09,2,11.2,1560.026,1556.457,331.916,4182.3,59.79,0.406896545,34.6,12.02667,7.963333,87.6,481466,3.922116,193.832,154911,142.087
1974,4,51.47,6.13,2.55,9.35,2,11.2,1599.679,1583.155,342.122,4176.7,59.79,0.406896545,34.6,9.366667,7.67,87.6,492664,3.631373,190.652,157587,140.649
1975,1,52.57,9.07,1.54,6.3,2.1,12.3,1616.116,1600.723,362.069,4170.5,59.79,0.410146581,34.6,6.69,7.54,87.6,509659,4.139021,183.944,157988,137.403
1975,2,53.2,8.67,1.7,5.42,2.1,12.3,1651.853,1637.971,383.701,4363.4,60.99,0.410146581,34.6,5.956666,8.05,87.6,533188,4.683755,150.556,121068,136.416
1975,3,54.27,8.33,1.85,6.16,2.1,12.3,1709.82,1700.815,392.615,4299.9,61.28,0.410146581,34.6,6.816667,8.296667,87.6,553647,4.628645,192.616,152831,137.48
1975,4,55.27,7.8,1.64,5.41,2.1,12.3,1761.831,1746.705,402.201,4333.5,62.29,0.410146581,34.6,6.283333,8.063334,87.6,576649,4.663947,198.704,158541,139.125
1976,1,55.9,8.53,0.72,4.83,2.3,11.8,1820.487,1801.802,406.386,4385.9,62.91,0.411808581,34.6,5.22,7.753334,87.6,600490,5.250484,204.383,162503,141.382
1976,2,56.4,7.4,1.6,5.2,2.3,11.8,1852.332,1831.401,405.05,4410.8,65.48,0.411808581,34.6,5.506667,7.773334,87.6,620432,5.360186,209.755,169337,141.821
1976,3,57.3,7.6,1.41,5.28,2.3,11.8,1886.558,1869.194,417.609,4445.2,66.59,0.411808581,34.6,5.413333,7.73,87.6,634701,5.517583,215.427,176128,142.056
1976,4,58.13,7.33,1.03,4.87,2.3,11.8,1934.273,1908.64,430.145,4473.4,67.26,0.411808581,34.6,4.933333,7.19,87.6,653543,5.444756,220.003,182716,143.142
1977,1,59.2,8.23,2.23,4.66,2.3,11.6,1988.648,1960.906,435.795,4483.5,69.43,0.411314747,34.6,4.833333,7.353333,87.6,669207,5.475653,228.932,188798,144.012
1977,2,60.23,6.93,2,5.16,2.3,11.6,2055.909,2035.208,443.204,4525.6,72.64,0.411314747,34.6,5.193333,7.37,87.6,674425,5.353478,239.908,195691,146.385
1977,3,61.07,6.8,1.15,5.82,2.3,11.6,2118.473,2097.868,455.783,4588.5,74.37,0.411314747,34.6,5.85,7.356667,87.6,698840,5.318209,244.424,198551,147.998
1977,4,61.97,6.3,1.14,6.51,2.3,11.6,2164.27,2155.534,469.307,4676.2,77.23,0.411314747,34.6,6.686666,7.596667,87.6,718943,5.118856,253.3,208476,149.541
1978,1,63.03,6.87,2.07,6.76,2.65,11.4,2202.76,2199.97,482.319,4712.9,79.58,0.412190583,34.6,6.9,8.01,87.6,737951,4.911789,252.624,211996,150.062
1978,2,64.47,5.83,2.82,7.28,2.65,11.4,2331.633,2309.586,491.498,4762.7,82.74,0.412190583,34.6,7.42,8.32,87.6,749024,5.316986,275.452,223084,153.829
1978,3,65.97,6,1.99,8.1,2.65,11.4,2395.053,2365.857,511.231,4799.8,85.21,0.412190583,34.6,8.273334,8.49,87.6,771544,5.668392,288.508,236298,155.429
1978,4,67.5,5.57,1.8,9.58,2.65,11.4,2476.949,2437.684,524.09,4831.4,87.46,0.412190583,34.6,10.29333,8.82,87.6,789207,5.374798,302.716,247218,156.801
1979,1,69.2,6.3,3.07,10.07,2.9,11.7,2526.61,2501.699,528.925,4889.8,91.37,0.411232552,34.7,10.27667,9.106667,87.6,796792,5.513809,305.111,253625,157.739
1979,2,71.4,5.57,3.53,10.18,2.9,11.7,2591.247,2550.233,542.191,4845.6,94.38,0.411232552,34.81,10.05667,9.113334,87.6,804913,5.655232,313.483,261998,158.137
1979,3,73.7,5.83,3.15,10.95,2.9,11.7,2667.565,2609.155,564.415,4867.6,96.38,0.411232552,34.91,10.90333,9.103333,87.6,826519,5.990254,321.235,274827,159.458
1979,4,76.03,5.63,2.78,13.58,2.9,11.7,2723.883,2668.001,577.308,4876.2,98.28,0.411232552,35.01,13.66333,10.44667,87.6,845116,5.943264,327.619,285202,159.773
1980,1,79.03,6.77,4.36,15.05,3.1,13,2789.842,2721.73,608.276,4893.1,100,0.416474881,35.12,15.08667,11.98667,87.6,863451,6.25429,334.369,284825,159.703
1980,2,81.7,7.2,3.21,12.69,3.1,13,2797.352,2741.396,635.802,4850.1,101.58,0.416474881,35.22,11.47333,10.47667,87.6,877614,6.115939,329.157,292174,157.91
1980,3,83.23,7.57,1.57,9.84,3.1,13,2856.483,2823.711,663.6,4904.5,104.5,0.416474881,35.33,9.95,10.95333,87.6,907701,7.016236,346.541,302195,156.932
1980,4,85.57,7.03,2.72,15.85,3.1,13,2985.557,2964.677,672.25,4972.1,104.77,0.416474881,35.43,15.75667,12.42333,87.6,930210,7.592396,367.909,318854,158.694
1981,1,87.93,7.97,2.52,16.57,3.35,14,3124.206,3064.614,707.577,4965.1,105.32,0.418924221,35.53,15.92,12.96,87.6,964531,7.4674,389.143,330898,159.293
1981,2,89.77,7.27,2.36,17.78,3.35,14,3162.532,3126.669,719.178,4970.9,107.44,0.418924221,35.64,16.75,13.75,87.6,971174,7.614863,393.071,342672,159.504
1981,3,92.27,7.27,2.84,17.58,3.35,14,3260.609,3231.198,737.44,5078.1,109.17,0.418924221,35.74,17.52,14.84667,87.6,997855,7.215701,404.735,356887,159.359
1981,4,93.77,7.9,0.85,13.59,3.35,14,3280.818,3253.338,764.786,5083.7,109.13,0.418924221,35.84,13.45333,14.08667,87.6,1028729,7.021356,390.203,352663,158.711
1982,1,94.6,9.5,0.53,14.23,3.35,15,3274.302,3272.026,776.728,5095.9,110.93,0.425963638,35.95,14.24,14.29333,87.6,1061299,6.533915,373.505,352515,156.205
1982,2,95.97,9.37,2.62,14.51,3.35,15,3331.972,3326.545,796.653,5126.7,111.87,0.425963638,36.05,14.23333,13.93,87.6,1079630,6.507325,377.697,359735,156.91
1982,3,97.63,9.7,0.93,11.01,3.35,15,3366.322,3360.628,822.7,5151.3,110.81,0.425963638,36.15,11.57,13.11667,87.6,1142035,6.467947,366.537,350149,155.761
1982,4,97.93,10.27,-0.3,9.29,3.35,15,3402.561,3380.562,850.183,5167.5,112.2,0.425963638,36.26,9.04,10.66667,87.6,1197074,7.795161,369.325,356573,154.712
1983,1,98,11.17,0.3,8.65,3.35,15.2,3473.413,3442.689,866.856,5216.2,114.2,0.434819735,36.36,8.53,10.56333,87.6,1244493,8.433887,366.026,350873,155.58
1983,2,99.13,10,1.63,8.8,3.35,15.2,3578.848,3526.559,871.501,5252.4,115.41,0.434819735,36.46,8.773334,10.54333,87.6,1319581,9.297011,388.038,359553,156.956
1983,3,100.1,9.13,1.2,9.46,3.35,15.2,3689.179,3613.443,896.644,5331.2,116.39,0.434819735,36.57,9.553333,11.62667,87.6,1377211,9.487267,377.326,345432,159.594
1983,4,101.1,8.17,0.6,9.43,3.35,15.2,3794.706,3725.666,900.154,5449.9,117.03,0.434819735,36.67,9.41,11.68667,87.6,1410702,9.477724,386.546,355658,161.918
1984,1,102.53,8.43,1.28,9.69,3.35,14.4,3908.054,3866.052,913.474,5558.8,118.81,0.431861994,36.78,9.68,11.94333,87.6,1463741,9.160872,401,361174,164.509
1984,2,103.5,7.4,1.07,10.56,3.35,14.4,4009.601,3962.759,934.407,5651.1,120.36,0.431861994,36.88,10.95333,13.2,87.6,1512697,8.880444,407.192,370444,166.474
1984,3,104.4,7.3,1.25,11.39,3.35,14.4,4084.25,4040.168,950.602,5725.7,121.47,0.431861994,36.98,11.44,12.86667,87.6,1572267,9.139582,409.792,384110,167.691
1984,4,105.3,6.97,0.29,9.27,3.35,14.4,4148.551,4115.077,987.607,5772.5,122.45,0.431861994,37.09,9.386666,11.74333,87.6,1662966,9.43276,420.74,395936,168.969
1985,1,106.27,7.77,1.04,8.48,3.35,14,4230.168,4191.093,1000.093,5757.4,124.19,0.434215161,37.19,8.616667,11.58333,87.6,1710731,10.15938,458.534,432285,169.751
1985,2,107.23,7.2,1.12,7.92,3.35,14,4294.887,4248.112,1020.605,5869.5,126.07,0.434215161,37.29,7.95,10.81333,87.6,1774640,10.60289,411.414,388524,171.196
1985,3,107.9,7.07,0.66,7.9,3.35,14,4386.773,4325.546,1039.807,5851.1,128.03,0.434215161,37.4,7.793334,10.33667,87.6,1823103,10.8058,449.822,421527,172.031
1985,4,109,6.73,0.93,8.1,3.35,14,4444.094,4374.084,1055.063,5913,129.44,0.434215161,37.5,7.83,9.76,87.6,1945942,11.25084,451.882,428916,172.981
1986,1,109.57,7.53,1.44,7.83,3.35,13.6,4507.894,4439.28,1061.329,5990.8,131.94,0.44386835,37.535,7.583333,8.556666,87.6,1986816,12.56187,450.793,426304,172.858
1986,2,109.03,7.1,1.24,6.92,3.35,13.6,4545.34,4468.54,1081.818,6067.4,134.69,0.44386835,37.57,6.66,7.603333,87.6,2059349,13.71408,452.337,429417,172.843
1986,3,109.7,6.83,1.31,6.21,3.35,13.6,4607.669,4515.027,1116.762,6106.1,136.73,0.44386835,37.605,6,7.306667,87.6,2125304,13.742,462.097,439467,173.39
1986,4,110.47,6.5,0.35,6.27,3.35,13.6,4657.627,4575.455,1096.907,6115.4,138.84,0.44386835,37.64,5.83,7.263333,87.6,2214835,13.85444,482.909,456036,174.534
1987,1,111.8,7.13,0.95,6.22,3.35,13.4,4722.156,4652.187,1103.86,6171.7,141.6,0.443732228,37.675,6.046667,7.193333,87.6,2246724,15.77364,480.364,450732,176.596
1987,2,113.07,6.2,1.29,6.65,3.35,13.4,4806.16,4759.142,1124.428,6114,143.78,0.443732228,37.71,6.816667,8.343333,87.6,2309296,16.38822,545.316,511671,178.048
1987,3,114.27,5.87,1.51,6.84,3.35,13.4,4884.555,4864.953,1127.403,6223.4,145.41,0.443732228,37.745,6.94,8.876667,87.6,2350277,17.72323,534.536,488976,179.284
1987,4,115.33,5.57,0.58,6.92,3.35,13.4,5007.994,4969.278,1149.211,6307.3,146.34,0.443732228,37.78,7.64,9.123333,87.6,2431715,14.16871,545.447,506969,180.88
1988,1,116.23,6.13,0.95,6.66,3.35,13,5073.372,5068.055,1159.032,6399.9,148.64,0.445596354,37.815,6.716667,8.416667,87.6,2487551,14.37786,538.868,502070,181.488
1988,2,117.57,5.4,1.29,7.16,3.35,13,5190.036,5176.274,1160.874,6465.8,151.59,0.445596354,37.85,7.223333,8.91,87.6,2547656,14.72828,542.697,497805,183.236
1988,3,119,5.37,1.51,7.98,3.35,13,5282.835,5285.53,1166.562,6528.3,153.15,0.445596354,37.885,8.173333,9.1,87.6,2602183,14.94854,552.924,506668,184.369
1988,4,120.3,5.07,0.58,8.47,3.35,13,5399.509,5403.861,1197.778,6589.8,154.57,0.445596354,37.92,8.796667,8.956667,87.6,2684392,15.3295,564.743,517213,186.275
1989,1,121.67,5.6,1.49,9.44,3.35,12.8,5511.253,5493.644,1216.989,6664.9,156.37,0.44637359,37.955,9.6,9.206667,87.6,2740898,16.17776,598.209,552879,188.28
1989,2,123.63,5.2,1.46,9.73,3.35,12.8,5612.463,5542.42,1236.323,6645.2,158.52,0.44637359,37.99,9.576667,8.773334,87.6,2799923,17.34442,594.565,566694,189.28
1989,3,124.6,5.17,0.72,9.08,3.35,12.8,5695.365,5606.037,1257.953,6689.4,161.88,0.44637359,38.025,8.726666,8.106667,87.6,2857431,18.84998,601.42,571581,189.59
1989,4,125.87,5.1,0.88,8.61,3.35,12.8,5747.237,5652.24,1271.381,6746,163.23,0.44637359,38.06,8.436666,7.906667,87.6,2952994,18.93344,610.382,579785,190.328
1990,1,128.03,5.8,2.05,8.25,3.35,13.5,5872.701,5767.812,1308.205,6797.8,164.14,0.450935874,38.095,8.243333,8.423333,87.6,3051958,18.3633,607.186,582523,190.615
1990,2,129.3,5.3,0.93,8.24,3.8,13.5,5960.028,5864.799,1332.449,6845.1,164.81,0.450935874,38.13,8.333333,8.676666,87.6,3143754,18.9359,620.34,594611,190.891
1990,3,131.53,5.57,2.14,8.16,3.8,13.5,6015.116,5910.743,1342.011,6842.7,165.8,0.450935874,38.165,8.043333,8.703333,87.6,3233313,18.19922,628.133,600726,190.656
1990,4,133.77,5.8,0.82,7.74,3.8,13.5,6004.733,5927.023,1389.495,6784.3,165.15,0.450935874,38.2,7.97,8.396667,87.6,3364820,17.15977,626.593,600814,189.403
1991,1,134.77,7.2,0.9,6.43,3.8,14.2,6035.178,5972.649,1325.372,6801.3,166.53,0.453036582,38.36666667,6.713333,8.016666,87.6,3465189,19.12147,613.433,580772,188.294
1991,2,135.57,6.73,0.74,5.86,4.25,14.2,6126.862,6034.081,1388.654,6851,167.66,0.453036582,38.53333333,6.013333,8.13,87.6,3537988,20.53106,612.927,585925,187.13
1991,3,136.6,6.63,0.88,5.64,4.25,14.2,6205.937,6098.155,1438.653,6879,167.94,0.453036582,38.7,5.7,7.94,87.6,3665303,20.93425,616.693,590237,187.326
1991,4,137.73,6.7,0.51,4.82,4.25,14.2,6264.54,6155.738,1445.678,6936.2,170.31,0.453036582,38.86666667,4.913333,7.346667,87.6,3801698,21.14683,625.41,598671,187.853
1992,1,138.67,8.03,1.02,4.02,4.25,14.8,6363.102,6284.521,1493.079,7075.8,171.62,0.456075876,39.03333333,4.123333,7.303333,87.6,3881288,22.535,627.451,588897,187.587
1992,2,139.73,7.5,0.64,3.77,4.25,14.8,6470.763,6374.987,1513.167,7146,171.59,0.456075876,39.2,3.893333,7.376667,87.6,3984656,22.37532,637.932,607169,188.429
1992,3,140.8,7.47,0.77,3.26,4.25,14.8,6566.641,6426.443,1534.869,7179.1,173.56,0.456075876,39.36666667,3.27,6.616667,87.6,4064621,22.7232,642.804,616201,188.062
1992,4,142.03,7.03,0.42,3.04,4.25,14.8,6680.803,6531.606,1558.025,7211.8,174.43,0.456075876,39.53333333,3.44,6.743333,87.6,4177009,23.08347,673.51,638942,189.456
1993,1,143.07,7.73,1.19,3.04,4.25,15.1,6729.459,6545.416,1553.356,7238.8,174.5,0.459574912,39.7,3.14,6.28,87.6,4230580,24.13709,656.938,617005,190.769
1993,2,144.1,6.97,0.56,3,4.25,15.1,6808.939,6663.732,1560.323,7261.2,176.15,0.459574912,39.86666667,3.133333,5.99,87.6,4351950,24.35836,694.565,643507,192.626
1993,3,144.77,6.67,0.49,3.06,4.25,15.1,6882.098,6716.772,1577.485,7267.5,177.57,0.459574912,40.03333333,3.14,5.616667,87.6,4411489,24.91095,699.151,659210,193.444
1993,4,145.97,6.23,0.48,2.99,4.25,15.1,7013.738,6884.53,1599.575,7318,179.04,0.459574912,40.2,3.283333,5.606667,87.6,4535687,25.457,746.417,675296,195.04
1994,1,146.7,7.07,0.95,3.21,4.25,14.5,7115.652,6955.743,1569.243,7366.3,180.18,0.454026546,40.20833333,3.45,6.066667,87.6,4575869,25.79401,727.521,673667,196.625
1994,2,147.53,6.1,0.55,3.94,4.25,14.5,7246.931,7097.889,1588.706,7440.5,181.26,0.454026546,40.21666667,4.346667,7.083333,87.6,4645802,24.71621,767.039,697839,199.186
1994,3,148.9,5.9,0.94,4.49,4.25,14.5,7331.075,7204.883,1623.282,7483.9,182.01,0.454026546,40.225,4.856667,7.333333,87.6,4692750,25.18626,770.302,695382,200.997
1994,4,149.77,5.27,0.2,5.17,4.25,14.5,7455.288,7330.608,1643.25,7591.3,181.86,0.454026546,40.23333333,5.863333,7.836667,87.6,4800150,24.96735,788.991,705402,202.176
1995,1,150.87,5.93,1.13,5.81,4.25,13.8,7522.289,7401.194,1667.291,7656.2,182.81,0.454021162,40.24166667,6.183333,7.483333,87.6,4864116,25.82185,803.103,724613,203.544
1995,2,150.87,5.63,0.73,6.02,4.25,13.8,7580.997,7480.079,1680.556,7677.9,185.8,0.454021162,40.25,6.01,6.62,87.6,4951372,27.91683,826.947,746808,203.74
1995,3,152.87,5.63,0.46,5.8,4.25,13.8,7683.125,7609.555,1664.223,7748.3,188.67,0.454021162,40.25833333,5.756667,6.323333,87.6,4973983,29.99408,830.271,752216,205.103
1995,4,153.7,5.23,0.19,5.72,4.25,13.8,7772.586,7696.11,1682.7,7793.5,190.14,0.454021162,40.26666667,5.716667,5.893333,87.6,4988665,31.599,842.468,769990,205.514
1996,1,155.07,6.03,1.43,5.36,4.25,13.7,7868.468,7819.355,1731.116,7867.3,192.29,0.453613661,40.275,5.276667,5.91,87.6,5117786,33.75011,875.999,801731,205.272
1996,2,156.4,5.43,0.64,5.24,4.25,13.7,8032.84,7965.95,1737.194,7939.5,192.62,0.453613661,40.28333333,5.393333,6.72,87.6,5161076,35.01273,921.58,839564,207.898
1996,3,157.3,5.23,0.7,5.31,4.25,13.7,8131.408,8065.739,1735.773,8003.8,193.48,0.453613661,40.29166667,5.48,6.78,87.6,5224811,35.02621,923.88,843542,209.707
1996,4,158.67,4.97,0.51,5.28,4.75,13.7,8259.771,8209.098,1737.909,8046.4,194.98,0.453613661,40.3,5.41,6.343333,87.6,5323172,38.09065,946.372,863498,211.53
1997,1,159.63,5.7,0.88,5.28,4.75,13.3,8362.655,8349.259,1751.051,8123,196.61,0.455693467,40.30833333,5.443333,6.563334,87.6,5380890,40.89534,978.033,902112,212.348
1997,2,160,4.9,0.19,5.52,4.75,13.3,8518.825,8474.339,1745.817,8195,198.26,0.455693467,40.31666667,5.69,6.696667,87.6,5376151,42.63061,1004.394,916234,213.78
1997,3,160.8,4.83,0.56,5.53,4.88,13.3,8662.823,8647.179,1776.006,8291.5,200.99,0.455693467,40.325,5.6,6.243333,87.6,5413146,47.93786,1032.495,941108,215.383
1997,4,161.67,4.37,0.07,5.51,5.15,13.3,8765.907,8793.083,1803.842,8413.6,203.59,0.455693467,40.33333333,5.73,5.906667,87.6,5502388,49.38295,1045.441,967830,217.145
1998,1,162,5.07,0.57,5.52,5.15,12.7,8866.48,8897.873,1783.291,8590.7,206.63,0.454918969,40.34166667,5.553333,5.586667,87.6,5542426,52.71678,1063.588,996132,218.52
1998,2,162.53,4.33,0.48,5.5,5.15,12.7,8969.699,9044.608,1789.629,8708.8,208.49,0.454918969,40.35,5.59,5.596667,87.6,5547935,56.85257,1081.512,1022352,219.589
1998,3,163.37,4.53,0.36,5.53,5.15,12.7,9121.097,9207.889,1806.229,8796.5,211.4,0.454918969,40.35833333,5.526667,5.203333,87.6,5526193,53.87644,1108.773,1043209,220.225
1998,4,164.13,4.1,0.18,4.86,5.15,12.7,9293.991,9321.823,1835.281,8866.2,213.9,0.454918969,40.36666667,5.196667,4.67,87.6,5614217,54.52351,1127.159,1067989,222.374
1999,1,164.73,4.63,0.66,4.73,5.15,11.9,9417.264,9480.569,1835.533,8946.3,216.15,0.453608199,40.375,4.9,4.983333,87.6,5651615,59.01668,1142.659,1077946,223.047
1999,2,165.97,4.2,0.73,4.75,5.15,11.9,9524.152,9572.332,1847.214,8966.5,219.05,0.453608199,40.38333333,4.976666,5.54,87.6,5638780,62.48504,1158.005,1095155,224.587
1999,3,167.2,4.27,1.02,5.09,5.15,11.9,9681.856,9697.585,1872.766,9027.7,222.14,0.453608199,40.39166667,5.383333,5.883333,87.6,5656271,61.98428,1182.148,1120589,225.643
1999,4,168.43,3.77,0.24,5.31,5.15,11.9,9899.378,9904.77,1931.559,9163.2,224.44,0.453608199,40.4,6.06,6.14,87.6,5776091,61.77666,1215.337,1153951,227.05
2000,1,170.1,4.4,1.71,5.68,5.15,11.3,10002.86,10180.102,1900.245,9338.7,228.72,0.459379195,40.40625,6.033333,6.48,87.6,5773392,61.47152,1272.073,1208753,228.642
2000,2,171.43,3.87,0.7,6.27,5.15,11.3,10247.68,10298.227,1943.081,9442,232.45,0.459379195,40.4125,6.573333,6.176667,87.6,5685938,63.89603,1284.187,1230156,229.468
2000,3,173,4.03,0.75,6.52,5.15,11.3,10319.83,10439.845,1950.27,9551.6,236.68,0.459379195,40.41875,6.626667,5.893333,87.6,5674179,65.58514,1291.65,1247701,229.695
2000,4,174.23,3.67,0.17,6.47,5.15,11.3,10439.03,10477.14,1980.796,9585.7,240.32,0.459379195,40.425,6.59,5.566667,87.6,5662216,63.95425,1306.215,1258684,229.417
2001,1,175.9,4.6,1.26,5.59,5.15,11.7,10472.88,10666.201,2015.125,9672.6,246.25,0.456983501,40.43125,5.256667,5.05,87.6,5773740,62.78694,1301,1301896,229.252
2001,2,177.13,4.33,1.02,4.33,5.15,11.7,10597.82,10716.068,2046.893,9655.7,250.38,0.456983501,40.4375,4.096667,5.27,88.4,5726815,62.13296,1291.202,1308857,227.725
2001,3,177.63,4.77,0.17,3.5,5.15,11.7,10596.29,10709.235,2080.111,9878.5,254.26,0.456983501,40.44375,3.336667,4.98,89.2,5807464,58.41995,1104.283,1113604,226.838
2001,4,177.5,5.23,-0.9,2.13,5.15,11.7,10660.29,10688.303,2092.592,9753.7,257.41,0.456983501,40.45,2.056667,4.77,90,5943439,56.59628,1210.806,1231775,224.932
2002,1,178.07,6.17,1.19,1.73,5.15,12.1,10788.95,10844.582,2158.121,9973.5,261.11,0.45340405,40.45625,1.823333,5.076667,90.7,6006032,57.84077,1055.567,1075139,223.956
2002,2,179.47,5.73,0.62,1.75,5.15,12.1,10893.21,10975.354,2191.786,10041.1,265.56,0.45340405,40.4625,1.833333,5.1,91.6,6126469,56.37316,1051.808,1050968,224.772
2002,3,180.43,5.67,0.61,1.74,5.15,12.1,10992.05,11038.793,2208.952,10032.3,270.82,0.45340405,40.46875,1.76,4.26,92,6228236,47.90897,1047.885,1044100,224.381
2002,4,181.5,5.53,-0.05,1.44,5.15,12.1,11071.46,11177.588,2269.177,10091.9,274.67,0.45340405,40.475,1.486667,4.006667,92.3,6405707,46.98079,1057.477,1038418,224.329
2003,1,183.37,6.37,1.81,1.25,5.15,12.5,11183.51,11245.768,2308.414,10115.6,278.01,0.455625941,40.48125,1.263333,3.92,93.3,6460776,45.3238,1062.924,1021323,222.839
2003,2,183.07,6.03,-0.27,1.25,5.15,12.5,11312.88,11376.433,2394.274,10238.9,281.4,0.455625941,40.4875,1.166667,3.62,93.8,6670121,49.42915,1074.61,1020769,222.399
2003,3,184.43,6.03,0.82,1.02,5.15,12.5,11567.33,11553.574,2400.35,10411.9,285.71,0.455625941,40.49375,1.07,4.233333,94.7,6783320,52.73785,994.708,950638,222.223
2003,4,185.13,5.53,-0.49,1,5.15,12.5,11769.28,11711.862,2436.267,10439.3,293.79,0.455625941,40.5,1.103333,4.286667,95.2,6997964,56.6192,1083.214,1021311,222.921
2004,1,186.7,6.1,1.67,1,5.15,12.7,11920.17,11900.665,2482.329,10487.4,298.39,0.45676902,40.55,1.053333,4.02,95.7,7131068,61.81828,1086.156,1012221,224.394
2004,2,188.17,5.5,1.23,1.01,5.15,12.7,12108.99,12147.017,2489.218,10607.6,305.63,0.45676902,40.6,1.246667,4.6,96.4,7274335,60.96649,1122.2,1026722,224.783
2004,3,189.37,5.4,0.1,1.43,5.15,12.7,12303.34,12366.901,2531.877,10676.9,317.33,0.45676902,40.65,1.703333,4.303333,97.2,7379053,60.41148,1165.545,1064343,225.395
2004,4,191.4,5.13,0.21,1.95,5.15,12.7,12522.43,12528.634,2575.991,10811.7,324.09,0.45676902,40.7,2.25,4.173333,97.7,7596143,64.57414,1188.485,1091539,226.353
2005,1,192.37,5.63,1.57,2.47,5.15,12.6,12761.34,12759.191,2660.902,10684.9,331.56,0.456144427,40.75,2.783333,4.296667,98.3,7776939,67.3415,1326.264,1172241,227.272
2005,2,193.67,5,0.62,2.94,5.15,12.6,12910.02,12954.348,2681.827,10786.5,342.16,0.456144427,40.8,3.23,4.16,98.8,7836496,66.85601,1343.299,1196255,228.002
2005,3,196.6,4.97,2.19,3.46,5.15,12.6,13142.87,13168.114,2775.267,10818.3,352.48,0.456144427,40.85,3.736667,4.213333,99.4,7932710,70.07876,1374.911,1225436,229.488
2005,4,198.43,4.67,-1,3.98,5.15,12.6,13332.32,13485.337,2783.308,10956.9,360.46,0.456144427,40.9,4.296667,4.49,100.1,8170413,71.04178,1426.819,1255734,230.457
2006,1,199.47,5,1.51,4.46,5.15,12.3,13603.93,13811.601,2838.092,11170.1,366.17,0.461080051,40.95,4.72,4.57,100.8,8371156,75.60726,1492.519,1320332,232.248
2006,2,201.27,4.57,1.55,4.91,5.15,12.3,13749.81,13952.617,2868.106,11197.4,369.91,0.461080051,41,5.176667,5.07,101.6,8420042,77.04652,1518.932,1351035,232.784
2006,3,203.17,4.67,0.01,5.25,5.15,12.3,13867.47,14112.574,2884.675,11226.4,372.97,0.461080051,41.05,5.393333,4.896667,102.5,8506974,77.3959,1557.724,1358452,233.85
2006,4,202.33,4.23,-0.54,5.25,5.15,12.3,14037.23,14213.273,2837.256,11374.5,376.78,0.461080051,41.1,5.323333,4.63,103.3,8680224,83.04213,1569.927,1397307,234.728
2007,1,204.32,4.8,1.76,5.26,5.15,12.5,14208.57,14345.737,2994.654,11471.4,378.18,0.452222606,41.04166667,5.31,4.68,104.3,8849665,86.17699,1606.513,1466312,234.72
2007,2,206.63,4.43,1.45,5.25,5.15,12.5,14382.36,14476.145,3034.324,11500.8,377.9,0.452222606,40.98333333,5.316667,4.846667,105.1,8867677,91.38494,1619.091,1495642,236.081
2007,3,207.94,4.67,0.07,5.07,5.85,12.5,14535,14437.38,3057.91,11511,373.68,0.452222606,40.925,5.423333,4.73,105.9,9007653,91.14911,1602.248,1498570,236.085
2007,4,210.49,4.57,0.73,4.5,5.85,12.5,14681.5,14477.511,3102.198,11518.8,372.5,0.452222606,40.86666667,5.023334,4.26,106.7,9229172,92.70738,1602.775,1508323,236.939
2008,1,212.77,5.27,1.66,3.18,5.85,13.2,14651.04,14535.432,3165.82,11550.8,369.79,0.454854597,40.80833333,3.23,3.663333,107.6,9437594,84.2466,1551.383,1534818,236.303
2008,2,215.54,5.23,2.46,2.09,5.85,13.2,14805.61,14582.504,3501.622,11762.2,360.46,0.454854597,40.75,2.756667,3.886667,108.4,9492006,86.14906,1528.239,1552127,235.388
2008,3,218.86,6.03,-0.01,1.94,6.55,13.2,14835.19,14632.055,3346.443,11515,349.1,0.454854597,40.69166667,3.056667,3.863333,109,10024725,77.11359,1494.271,1497221,233.555
2008,4,213.85,6.57,-3.96,0.51,6.55,13.2,14559.54,14369.984,3518.534,11615.3,345.88,0.454854597,40.63333333,2.816667,3.253333,109.5,10699805,53.64395,1384.171,1444593,230.197
2009,1,212.38,8.8,1.18,0.18,6.55,14.3,14394.55,14133.047,3594.389,11565.5,348.43,0.45936565,40.575,1.083333,2.736667,109.8,11126941,47.7175,1144.195,1202078,225.276
2009,2,213.51,9.13,1.4,0.18,6.55,14.3,14352.85,14172.733,3796.261,11689.8,339.23,0.45936565,40.51666667,0.6166667,3.313333,110.1,11545275,53.53225,1102.464,1130761,221.191
2009,3,215.34,9.6,0.12,0.16,7.25,14.3,14420.31,14244.058,3741.231,11557.6,330.26,0.45936565,40.45833333,0.3,3.516667,110.5,11909828,60.63835,1104.113,1134962,218.884
2009,4,217.03,9.53,-0.01,0.12,7.25,14.3,14628.02,14477.243,3809.697,11554.8,327.79,0.45936565,40.4,0.2233333,3.46,111,12311349,66.32294,1143.889,1140391,218.614
2010,1,217.37,10.4,0.77,0.13,7.25,15.1,14721.35,14584.236,3941.575,11619.8,323.87,0.457292722,40.45,0.2066667,3.716667,111.4,12773123,67.3168,1213.369,1191474,218.911
2010,2,217.3,9.47,0.15,0.19,7.25,15.1,14926.1,14820.85,3984.864,11811.2,320.96,0.457292722,40.5,0.4233333,3.49,111.9,13201792,66.72086,1257.379,1212911,221.624
2010,3,217.93,9.47,0.22,0.19,7.25,15.1,15079.92,15097.635,3950.845,11895.3,324,0.457292722,40.55,0.3366667,2.786667,112.3,13561622,65.13765,1297.148,1255934,221.944
2010,4,219.7,9.13,0.33,0.19,7.25,15.1,15240.84,15221.344,3974.997,11962,321.65,0.457292722,40.6,0.28,2.863333,112.9,14025215,71.58693,1326.495,1288756,222.504
2011,1,222.04,9.5,1.95,0.16,7.25,15,15285.83,15311.692,3977.799,12083.9,312.8,0.464419468,40.65,0.2833333,3.46,113.2,14270114,77.23933,1458.521,1426111,222.959
2011,2,224.57,8.9,1,0.09,7.25,15,15496.19,15528.517,4044.751,12057.6,307.31,0.464419468,40.7,0.22,3.21,113.7,14343087,78.02744,1476.191,1445357,224.901
2011,3,226.03,9.07,0.52,0.08,7.25,15,15591.85,15689.155,3927.628,12110.2,309.6,0.464419468,40.75,0.2866667,2.426667,114.2,14790340,70.99938,1471.733,1470880,225.63
2011,4,227.05,8.33,-0.54,0.07,7.25,15,15796.46,15853.949,3961.856,12147.9,310.96,0.464419468,40.8,0.4233333,2.046667,114.7,15222940,68.65376,1507.169,1470386,226.887
2012,1,228.33,8.63,1.64,0.1,7.25,15,16019.76,16287.864,3911.398,12375.3,307.68,0.463656847,40.85,0.33,2.036667,115.3,15606518,74.80493,1529.118,1467752,227.915
2012,2,228.81,8,0.03,0.15,7.25,15,16152.26,16412.965,3898.939,12487.8,306.4,0.463656847,40.9,0.3,1.823333,115.8,15855037,72.76023,1556.654,1487130,228.259
2012,3,229.84,8.13,0.85,0.14,7.25,15,16257.15,16405.78,3857.668,12398.4,310.35,0.463656847,40.95,0.2666667,1.643333,116.3,16066240,75.08566,1575.77,1509481,229.911
2012,4,231.37,7.5,-0.78,0.16,7.25,15,16358.86,16646.793,3938.688,12741.9,312.84,0.463656847,41,0.2333333,1.706667,116.7,16432730,77.37923,1630.259,1571414,230.431
2013,1,232.3,8.07,1.38,0.14,7.25,14.5,16569.59,16731.616,3853.466,12231.9,314.46,0.45800947,41.04545455,0.22,1.95,117.4,16771381,83.31729,1710.007,1649349,231.51
2013,2,232.05,7.4,0.32,0.12,7.25,14.5,16637.93,16880.295,3863.982,12323,319.36,0.45800947,41.09090909,0.1966667,1.996667,118,16738320,86.59168,1731.142,1681852,232.084
2013,3,233.3,7.33,0.28,0.08,7.25,14.5,16848.75,16974.269,3861.096,12376.3,324.32,0.45800947,41.13636364,0.1233333,2.71,118.4,16738180,89.18593,1754.342,1674474,233.017
2013,4,234.16,6.7,-0.47,0.09,7.25,14.5,17083.14,17194.479,3850.243,12425.2,326.99,0.45800947,41.18181818,0.1266667,2.746667,119.1,17156119,93.96948,1784.051,1697656,234.456
2014,1,235.62,6.93,1.38,0.07,7.25,14.8,17102.93,17389.765,3906.81,12614.4,329.86,0.460243398,41.22727273,0.1233333,2.763333,119.4,17601227,96.29462,1863.991,1744403,234.445
2014,2,236.87,6.1,0.87,0.09,7.25,14.8,17425.77,17713.613,3961.666,12765.9,336.16,0.460243398,41.27272727,0.1133333,2.623333,120.2,17632606,100.1053,1904.169,1757779,236.917
2014,3,237.48,6.17,-0.13,0.09,7.25,14.8,17719.84,18006.642,3999.114,12906.9,340.98,0.460243398,41.31818182,0.1266667,2.496667,121.1,17824071,102.2646,1900.387,1797945,237.831
2014,4,236.89,5.47,-1.36,0.1,7.25,14.8,17838.45,18173.001,3990.35,13065.2,343.83,0.460243398,41.36363636,0.1333333,2.28,121.8,18141444,100.5696,1931.672,1835843,239.813
2015,1,235.32,5.83,0.56,0.11,7.25,13.5,17970.42,18289.594,3998.769,13226.6,347.33,0.457404246,41.40909091,0.15,1.966667,122.6,18152056,101.7028,2020.985,1903962,240.532
2015,2,236.94,5.3,1.06,0.12,7.25,13.5,18221.3,18454.492,3963.534,13327.8,353.35,0.457404246,41.45454545,0.1533333,2.166667,122.8,18151998,103.8063,2042.824,1940774,241.411
2015,3,237.86,5.23,-0.29,0.14,7.25,13.5,18331.09,18568.112,4124.641,13440.4,358.75,0.457404246,41.5,0.24,2.22,123.6,18150618,97.8527,2020.455,1946748,242.684
2015,4,237.87,4.8,0.59,0.16,7.25,13.5,18354.37,18584.75,4115.914,13471.4,361.93,0.457404246,41.5,0.3633333,2.19,124.3,18922179,96.63821,2007.936,1959596,243.786
2016,1,237.78,5.2,0.68,0.36,7.25,12.7,18409.13,18637.107,4153.345,13562.3,365.26,0.455907864,41.5,0.5533333,1.92,125.1,19264939,90.54796,1995.941,1921975,244.67
2016,2,239.49,4.77,1.2,0.37,7.25,12.7,18640.73,18720.944,4148.54,13541.5,372.34,0.455907864,41.5,0.5566667,1.753333,126,19381591,97.06623,2003.251,1945295,244.928
2016,3,240.6,4.97,0.17,0.4,7.25,12.7,18799.65,18884.809,4224.707,13592.9,379,0.455907864,41.5,0.7,1.563333,126.6,19573445,100.4258,2039.026,1969632,246.083
2016,4,242.16,4.53,-0.01,0.45,7.25,12.7,18979.25,19093.587,4258.821,13685.4,382.46,0.455907864,41.5,0.7666667,2.13,127.3,19976827,100.9166,2039.342,1987448,246.429
2017,1,243.83,4.87,0.97,0.7,7.25,12.3,19162.55,19357.412,4288.293,13835.3,385.81,0.454213408,41.5,0.9166667,2.443333,128.2,19846420,106.5986,1987.626,2001531,247.213
2017,2,244.07,4.23,0.48,0.95,7.25,12.3,19359.12,19545.874,4272.435,13909.8,395.43,0.454213408,41.5,1.08,2.263333,129,19844554,108.5295,2003.74,2016009,248.979
2017,3,245.37,4.4,0.76,1.15,7.25,12.3,19588.07,19702.477,4347.214,13986.2,402.16,0.454213408,41.5,1.24,2.243333,130,20244900,111.6664,2042.913,2049768,249.512
2017,4,247.27,3.9,-0.12,1.2,7.25,12.3,19831.83,19908.473,4426.195,14065.9,406.06,0.454213408,41.5,1.373333,2.37,130.8,20492747,116.8752,2042.372,2115778,251.259
2018,1,249.25,4.33,1.22,1.45,7.25,12.1,20041.05,20200.96,4498.506,14219.8,412.05,0.452603089,41.5,1.83,2.76,132,21089643,120.6047,1921.492,2074939,252.102
2018,2,250.58,3.83,0.98,1.74,7.25,12.1,20411.92,20410.533,4559.17,14282,421.61,0.452603089,41.5,2.183333,2.92,132.8,21195070,118.1016,1943.529,2071711,253.707
2018,3,251.83,3.87,0.19,1.92,7.25,12.1,20658.2,20716.493,4609.01,14374.8,428.18,0.452603089,41.5,2.2,2.926667,133.9,21516058,121.0241,1971.38,2086484,254.8
2018,4,252.76,3.57,-0.47,2.22,7.25,12.1,20865.14,20716.493,4678.778,14523.6,430.76,0.452603089,41.5,2.54,3.033333,134.9,21974096,113.901,1987.923,2077420,255.075
2019,1,252.893,3.86,0.39,2.4,7.25,11.81,21098.827,21056.738,4781.506,16198.54,435.35,0.452603089,41.5,2.52,2.653333,135.9,22027880,115.5575,2018.649,2156907,255.692
2019,2,255.923,3.63,0.26,2.4,7.25,11.7,21340.267,21237.802,4880.06,16355.726,443.35,0.452603089,41.5,2.403333,2.333333,136.7,22023283,119.9513,2027.559,2200135,256.104
2019,3,256.623,3.63,0.08,2.19,7.25,11.58,21542.54,21440.44,4925.17,16535.25,447.99,0.452603089,41.5,2.103333,1.796667,137.9,22719402,121.1577,2036.277,2190640,257.087
2019,4,257.17,3.55,0.03,1.64,7.25,11.47,21734.266,21628.4,4963.385,16662.684,452.74,0.452603089,41.5,1.803333,1.260001,138.9,23415521,122.3641,2044.995,2200136.991,257.551
